{
   "parameter": {
      "Parameter0": {
         "lower_bound": 20,
         "upper_bound": 100,
         "index": 0,
         "dist_type": "UniformParameter"
      },
      "Parameter1": {
         "lower_bound": 100,
         "upper_bound": 2000,
         "index": 1,
         "dist_type": "UniformParameter"
      }
   },
   "sampling_method": "SampleBaseHalton",
   "sample_size": 100,
   "sample_values": [
      [
         27.929742390750015,
         1953.8278452051647
      ],
      [
         67.92974239075002,
         687.161178538498
      ],
      [
         47.929742390750015,
         1320.4945118718315
      ],
      [
         87.92974239075002,
         1742.7167340940537
      ],
      [
         37.929742390750015,
         476.0500674273871
      ],
      [
         77.92974239075002,
         1109.3834007607204
      ],
      [
         57.929742390750015,
         1531.6056229829428
      ],
      [
         97.92974239075002,
         264.93895631627606
      ],
      [
         22.929742390750015,
         898.2722896496092
      ],
      [
         62.929742390750015,
         1813.0871044644243
      ],
      [
         42.929742390750015,
         546.4204377977574
      ],
      [
         82.92974239075002,
         1179.753771131091
      ],
      [
         32.929742390750015,
         1601.975993353313
      ],
      [
         72.92974239075002,
         335.30932668664644
      ],
      [
         52.929742390750015,
         968.6426600199795
      ],
      [
         92.92974239075002,
         1390.864882242202
      ],
      [
         25.429742390750015,
         124.19821557553529
      ],
      [
         65.42974239075002,
         757.5315489088684
      ],
      [
         45.429742390750015,
         1883.4574748347945
      ],
      [
         85.42974239075002,
         616.7908081681277
      ],
      [
         35.429742390750015,
         1250.1241415014613
      ],
      [
         75.42974239075002,
         1672.3463637236832
      ],
      [
         55.429742390750015,
         405.6796970570167
      ],
      [
         95.42974239075002,
         1039.0130303903497
      ],
      [
         20.429742390750015,
         1461.2352526125726
      ],
      [
         60.429742390750015,
         194.56858594590568
      ],
      [
         40.429742390750015,
         827.9019192792388
      ],
      [
         80.42974239075002,
         1977.2846353286216
      ],
      [
         30.429742390750015,
         710.6179686619548
      ],
      [
         70.42974239075002,
         1343.9513019952885
      ],
      [
         50.429742390750015,
         1766.1735242175105
      ],
      [
         90.42974239075002,
         499.50685755084385
      ],
      [
         29.179742390750015,
         1132.8401908841772
      ],
      [
         69.17974239075002,
         1555.0624131063994
      ],
      [
         49.179742390750015,
         288.3957464397329
      ],
      [
         89.17974239075002,
         921.7290797730659
      ],
      [
         39.179742390750015,
         1836.543894587881
      ],
      [
         79.17974239075002,
         569.8772279212142
      ],
      [
         59.179742390750015,
         1203.2105612545477
      ],
      [
         99.17974239075002,
         1625.4327834767698
      ],
      [
         24.179742390750015,
         358.76611681010314
      ],
      [
         64.17974239075002,
         992.0994501434363
      ],
      [
         44.179742390750015,
         1414.3216723656587
      ],
      [
         84.17974239075002,
         147.65500569899206
      ],
      [
         34.179742390750015,
         780.9883390323253
      ],
      [
         74.17974239075002,
         1906.9142649582511
      ],
      [
         54.179742390750015,
         640.2475982915845
      ],
      [
         94.17974239075002,
         1273.580931624918
      ],
      [
         26.679742390750015,
         1695.80315384714
      ],
      [
         66.67974239075002,
         429.13648718047347
      ],
      [
         46.679742390750015,
         1062.469820513807
      ],
      [
         86.67974239075002,
         1484.6920427360292
      ],
      [
         36.679742390750015,
         218.02537606936244
      ],
      [
         76.67974239075002,
         851.3587094026956
      ],
      [
         56.679742390750015,
         1930.3710550817082
      ],
      [
         96.67974239075002,
         663.7043884150413
      ],
      [
         21.679742390750015,
         1297.037721748375
      ],
      [
         61.679742390750015,
         1719.2599439705969
      ],
      [
         41.679742390750015,
         452.5932773039303
      ],
      [
         81.67974239075002,
         1085.9266106372638
      ],
      [
         31.679742390750015,
         1508.1488328594858
      ],
      [
         71.67974239075002,
         241.48216619281928
      ],
      [
         51.679742390750015,
         874.8154995261524
      ],
      [
         91.67974239075002,
         1789.6303143409673
      ],
      [
         28.554742390750015,
         522.9636476743007
      ],
      [
         68.55474239075002,
         1156.2969810076343
      ],
      [
         48.554742390750015,
         1578.5192032298562
      ],
      [
         88.55474239075002,
         311.8525365631897
      ],
      [
         38.554742390750015,
         945.1858698965227
      ],
      [
         78.55474239075002,
         1367.4080921187451
      ],
      [
         58.554742390750015,
         100.7414254520785
      ],
      [
         98.55474239075002,
         734.0747587854116
      ],
      [
         23.554742390750015,
         1860.0006847113375
      ],
      [
         63.554742390750015,
         593.334018044671
      ],
      [
         43.554742390750015,
         1226.6673513780045
      ],
      [
         83.55474239075002,
         1648.8895736002264
      ],
      [
         33.554742390750015,
         382.2229069335599
      ],
      [
         73.55474239075002,
         1015.5562402668932
      ],
      [
         53.554742390750015,
         1437.7784624891156
      ],
      [
         93.55474239075002,
         171.11179582244887
      ],
      [
         26.054742390750015,
         804.445129155782
      ],
      [
         66.05474239075002,
         1969.4657052874693
      ],
      [
         46.054742390750015,
         702.7990386208027
      ],
      [
         86.05474239075002,
         1336.132371954136
      ],
      [
         36.054742390750015,
         1758.354594176358
      ],
      [
         76.05474239075002,
         491.6879275096916
      ],
      [
         56.054742390750015,
         1125.0212608430247
      ],
      [
         96.05474239075002,
         1547.2434830652471
      ],
      [
         21.054742390750015,
         280.5768163985806
      ],
      [
         61.054742390750015,
         913.9101497319137
      ],
      [
         41.054742390750015,
         1828.7249645467286
      ],
      [
         81.05474239075002,
         562.0582978800619
      ],
      [
         31.054742390750015,
         1195.3916312133956
      ],
      [
         71.05474239075002,
         1617.6138534356176
      ],
      [
         51.054742390750015,
         350.9471867689508
      ],
      [
         91.05474239075002,
         984.2805201022841
      ],
      [
         29.804742390750015,
         1406.5027423245062
      ],
      [
         69.80474239075002,
         139.83607565783979
      ],
      [
         49.804742390750015,
         773.169408991173
      ],
      [
         89.80474239075002,
         1899.0953349170989
      ]
   ]
}