{
   "parameter": {
      "Parameter0": {
         "lower_bound": 20,
         "upper_bound": 100,
         "index": 0,
         "dist_type": "UniformParameter"
      },
      "Parameter1": {
         "mean": 20,
         "std": 0.3,
         "index": 1,
         "dist_type": "GaussianParameter"
      }
   },
   "sampling_method": "SampleBaseQuadraturePoints",
   "quad_order": 4,
   "sample_values": [
      [
         23.752806162453435,
         19.14290899583815
      ],
      [
         23.752806162453435,
         19.59331214600772
      ],
      [
         23.752806162453435,
         20.000000000000004
      ],
      [
         23.752806162453435,
         20.40668785399228
      ],
      [
         23.752806162453435,
         20.857091004161845
      ],
      [
         38.46122759577269,
         19.14290899583815
      ],
      [
         38.46122759577269,
         19.59331214600772
      ],
      [
         38.46122759577269,
         20.000000000000004
      ],
      [
         38.46122759577269,
         20.40668785399228
      ],
      [
         38.46122759577269,
         20.857091004161845
      ],
      [
         59.99999999999999,
         19.14290899583815
      ],
      [
         59.99999999999999,
         19.59331214600772
      ],
      [
         59.99999999999999,
         20.000000000000004
      ],
      [
         59.99999999999999,
         20.40668785399228
      ],
      [
         59.99999999999999,
         20.857091004161845
      ],
      [
         81.53877240422733,
         19.14290899583815
      ],
      [
         81.53877240422733,
         19.59331214600772
      ],
      [
         81.53877240422733,
         20.000000000000004
      ],
      [
         81.53877240422733,
         20.40668785399228
      ],
      [
         81.53877240422733,
         20.857091004161845
      ],
      [
         96.24719383754656,
         19.14290899583815
      ],
      [
         96.24719383754656,
         19.59331214600772
      ],
      [
         96.24719383754656,
         20.000000000000004
      ],
      [
         96.24719383754656,
         20.40668785399228
      ],
      [
         96.24719383754656,
         20.857091004161845
      ]
   ]
}