{
   "parameter": {
      "Number of agents [1]": {
         "lower_bound": 20,
         "upper_bound": 100,
         "index": 0,
         "dist_type": "UniformParameter"
      },
      "Message length [B]": {
         "lower_bound": 100,
         "upper_bound": 2000,
         "index": 1,
         "dist_type": "UniformParameter"
      }
   },
   "sampling_method": "SampleBaseHalton",
   "sample_size": 100,
   "sample_values": [
      [
         27.070257609249975,
         1448.3521463683562
      ],
      [
         67.07025760924998,
         603.9077019239112
      ],
      [
         47.07025760924998,
         1237.241035257245
      ],
      [
         87.07025760924998,
         1870.5743685905782
      ],
      [
         37.07025760924998,
         463.1669611831709
      ],
      [
         77.07025760924998,
         1096.5002945165043
      ],
      [
         57.07025760924998,
         1729.8336278498375
      ],
      [
         97.07025760924998,
         252.05585007205977
      ],
      [
         24.570257609249975,
         885.3891834053927
      ],
      [
         64.57025760924998,
         1518.7225167387264
      ],
      [
         44.57025760924998,
         674.2780722942816
      ],
      [
         84.57025760924998,
         1307.6114056276153
      ],
      [
         34.57025760924998,
         1940.9447389609486
      ],
      [
         74.57025760924998,
         345.88301056588693
      ],
      [
         54.57025760924998,
         979.2163438992199
      ],
      [
         94.57025760924998,
         1612.5496772325537
      ],
      [
         29.570257609249975,
         134.7718994547758
      ],
      [
         69.57025760924998,
         768.1052327881088
      ],
      [
         49.57025760924998,
         1401.4385661214424
      ],
      [
         89.57025760924998,
         556.994121676998
      ],
      [
         39.57025760924998,
         1190.3274550103315
      ],
      [
         79.57025760924998,
         1823.6607883436648
      ],
      [
         59.57025760924998,
         416.2533809362573
      ],
      [
         99.57025760924998,
         1049.5867142695902
      ],
      [
         20.507757609249975,
         1682.920047602924
      ],
      [
         60.50775760924998,
         205.14226982514617
      ],
      [
         40.50775760924998,
         838.4756031584791
      ],
      [
         80.50775760924998,
         1471.808936491813
      ],
      [
         30.507757609249975,
         627.364492047368
      ],
      [
         70.50775760924998,
         1260.697825380702
      ],
      [
         50.50775760924998,
         1894.031158714035
      ],
      [
         90.50775760924998,
         486.6237513066277
      ],
      [
         25.507757609249975,
         1119.957084639961
      ],
      [
         65.50775760924998,
         1753.290417973294
      ],
      [
         45.50775760924998,
         275.51264019551655
      ],
      [
         85.50775760924998,
         908.8459735288495
      ],
      [
         35.50775760924998,
         1542.1793068621832
      ],
      [
         75.50775760924998,
         697.7348624177384
      ],
      [
         55.50775760924998,
         1331.0681957510722
      ],
      [
         95.50775760924998,
         1964.4015290844054
      ],
      [
         23.007757609249975,
         369.33980068934375
      ],
      [
         63.00775760924998,
         1002.6731340226767
      ],
      [
         43.00775760924998,
         1636.0064673560103
      ],
      [
         83.00775760924998,
         158.22868957823258
      ],
      [
         33.00775760924998,
         791.5620229115656
      ],
      [
         73.00775760924998,
         1424.8953562448992
      ],
      [
         53.00775760924998,
         580.4509118004544
      ],
      [
         93.00775760924998,
         1213.7842451337883
      ],
      [
         28.007757609249975,
         1847.1175784671216
      ],
      [
         68.00775760924998,
         439.71017105971407
      ],
      [
         48.00775760924998,
         1073.0435043930474
      ],
      [
         88.00775760924998,
         1706.3768377263805
      ],
      [
         38.00775760924998,
         228.59905994860299
      ],
      [
         78.00775760924998,
         861.9323932819359
      ],
      [
         58.00775760924998,
         1495.2657266152698
      ],
      [
         98.00775760924998,
         650.8212821708248
      ],
      [
         21.757757609249975,
         1284.1546155041585
      ],
      [
         61.75775760924998,
         1917.4879488374918
      ],
      [
         41.75775760924998,
         510.08054143008445
      ],
      [
         81.75775760924998,
         1143.4138747634179
      ],
      [
         31.757757609249975,
         1776.747208096751
      ],
      [
         71.75775760924998,
         298.9694303189733
      ],
      [
         51.75775760924998,
         932.3027636523063
      ],
      [
         91.75775760924998,
         1565.63609698564
      ],
      [
         26.757757609249975,
         721.1916525411951
      ],
      [
         66.75775760924998,
         1354.524985874529
      ],
      [
         46.75775760924998,
         1987.8583192078622
      ],
      [
         86.75775760924998,
         311.7113903860363
      ],
      [
         36.75775760924998,
         945.0447237193691
      ],
      [
         76.75775760924998,
         1578.3780570527028
      ],
      [
         56.75775760924998,
         100.60027927492516
      ],
      [
         96.75775760924998,
         733.933612608258
      ],
      [
         24.257757609249975,
         1367.266945941592
      ],
      [
         64.25775760924998,
         522.8225014971474
      ],
      [
         44.25775760924998,
         1156.155834830481
      ],
      [
         84.25775760924998,
         1789.4891681638142
      ],
      [
         34.25775760924998,
         382.08176075640665
      ],
      [
         74.25775760924998,
         1015.4150940897396
      ],
      [
         54.25775760924998,
         1648.748427423073
      ],
      [
         94.25775760924998,
         170.97064964529554
      ],
      [
         29.257757609249975,
         804.3039829786285
      ],
      [
         69.25775760924998,
         1437.6373163119624
      ],
      [
         49.25775760924998,
         593.1928718675174
      ],
      [
         89.25775760924998,
         1226.526205200851
      ],
      [
         39.25775760924998,
         1859.8595385341844
      ],
      [
         79.25775760924998,
         452.45213112677703
      ],
      [
         59.25775760924998,
         1085.7854644601105
      ],
      [
         99.25775760924998,
         1719.1187977934437
      ],
      [
         21.132757609249975,
         241.34102001566595
      ],
      [
         61.13275760924998,
         874.6743533489988
      ],
      [
         41.13275760924998,
         1508.0076866823326
      ],
      [
         81.13275760924998,
         663.5632422378877
      ],
      [
         31.132757609249975,
         1296.8965755712215
      ],
      [
         71.13275760924998,
         1930.2299089045548
      ],
      [
         51.13275760924998,
         335.16818050949314
      ],
      [
         91.13275760924998,
         968.501513842826
      ],
      [
         26.132757609249975,
         1601.8348471761599
      ],
      [
         66.13275760924998,
         124.05706939838194
      ],
      [
         46.13275760924998,
         757.3904027317149
      ],
      [
         86.13275760924998,
         1390.7237360650486
      ]
   ]
}