{
   "parameter": {
      "Parameter0": {
         "lower_bound": 20,
         "upper_bound": 100,
         "index": 0,
         "dist_type": "UniformParameter"
      },
      "Parameter1": {
         "lower_bound": 100,
         "upper_bound": 2000,
         "index": 1,
         "dist_type": "UniformParameter"
      },
      "Parameter2": {
         "lower_bound": 10,
         "upper_bound": 33,
         "index": 2,
         "dist_type": "UniformParameter"
      }
   },
   "sampling_method": "SampleBaseSaltelli",
   "sample_size": 256,
   "sample_values": [
      [
         23.75,
         604.6875,
         26.171875
      ],
      [
         63.75,
         604.6875,
         26.171875
      ],
      [
         23.75,
         367.1875,
         26.171875
      ],
      [
         23.75,
         604.6875,
         31.203125
      ],
      [
         23.75,
         367.1875,
         31.203125
      ],
      [
         63.75,
         604.6875,
         31.203125
      ],
      [
         63.75,
         367.1875,
         26.171875
      ],
      [
         63.75,
         367.1875,
         31.203125
      ],
      [
         63.75,
         1554.6875,
         14.671875
      ],
      [
         23.75,
         1554.6875,
         14.671875
      ],
      [
         63.75,
         1317.1875,
         14.671875
      ],
      [
         63.75,
         1554.6875,
         19.703125
      ],
      [
         63.75,
         1317.1875,
         19.703125
      ],
      [
         23.75,
         1554.6875,
         19.703125
      ],
      [
         23.75,
         1317.1875,
         14.671875
      ],
      [
         23.75,
         1317.1875,
         19.703125
      ],
      [
         83.75,
         129.6875,
         31.921875
      ],
      [
         83.75,
         129.6875,
         31.921875
      ],
      [
         83.75,
         1792.1875,
         31.921875
      ],
      [
         83.75,
         129.6875,
         13.953125
      ],
      [
         83.75,
         1792.1875,
         13.953125
      ],
      [
         83.75,
         129.6875,
         13.953125
      ],
      [
         83.75,
         1792.1875,
         31.921875
      ],
      [
         83.75,
         1792.1875,
         13.953125
      ],
      [
         43.75,
         1079.6875,
         20.421875
      ],
      [
         43.75,
         1079.6875,
         20.421875
      ],
      [
         43.75,
         842.1875,
         20.421875
      ],
      [
         43.75,
         1079.6875,
         25.453125
      ],
      [
         43.75,
         842.1875,
         25.453125
      ],
      [
         43.75,
         1079.6875,
         25.453125
      ],
      [
         43.75,
         842.1875,
         20.421875
      ],
      [
         43.75,
         842.1875,
         25.453125
      ],
      [
         53.75,
         367.1875,
         11.796875
      ],
      [
         53.75,
         367.1875,
         11.796875
      ],
      [
         53.75,
         604.6875,
         11.796875
      ],
      [
         53.75,
         367.1875,
         28.328125
      ],
      [
         53.75,
         604.6875,
         28.328125
      ],
      [
         53.75,
         367.1875,
         28.328125
      ],
      [
         53.75,
         604.6875,
         11.796875
      ],
      [
         53.75,
         604.6875,
         28.328125
      ],
      [
         93.75,
         1317.1875,
         23.296875
      ],
      [
         93.75,
         1317.1875,
         23.296875
      ],
      [
         93.75,
         1554.6875,
         23.296875
      ],
      [
         93.75,
         1317.1875,
         16.828125
      ],
      [
         93.75,
         1554.6875,
         16.828125
      ],
      [
         93.75,
         1317.1875,
         16.828125
      ],
      [
         93.75,
         1554.6875,
         23.296875
      ],
      [
         93.75,
         1554.6875,
         16.828125
      ],
      [
         73.75,
         842.1875,
         17.546875
      ],
      [
         33.75,
         842.1875,
         17.546875
      ],
      [
         73.75,
         1079.6875,
         17.546875
      ],
      [
         73.75,
         842.1875,
         11.078125
      ],
      [
         73.75,
         1079.6875,
         11.078125
      ],
      [
         33.75,
         842.1875,
         11.078125
      ],
      [
         33.75,
         1079.6875,
         17.546875
      ],
      [
         33.75,
         1079.6875,
         11.078125
      ],
      [
         33.75,
         1792.1875,
         29.046875
      ],
      [
         73.75,
         1792.1875,
         29.046875
      ],
      [
         33.75,
         129.6875,
         29.046875
      ],
      [
         33.75,
         1792.1875,
         22.578125
      ],
      [
         33.75,
         129.6875,
         22.578125
      ],
      [
         73.75,
         1792.1875,
         22.578125
      ],
      [
         73.75,
         129.6875,
         29.046875
      ],
      [
         73.75,
         129.6875,
         22.578125
      ],
      [
         38.75,
         248.4375,
         16.109375
      ],
      [
         98.75,
         248.4375,
         16.109375
      ],
      [
         38.75,
         1435.9375,
         16.109375
      ],
      [
         38.75,
         248.4375,
         26.890625
      ],
      [
         38.75,
         1435.9375,
         26.890625
      ],
      [
         98.75,
         248.4375,
         26.890625
      ],
      [
         98.75,
         1435.9375,
         16.109375
      ],
      [
         98.75,
         1435.9375,
         26.890625
      ],
      [
         78.75,
         1198.4375,
         27.609375
      ],
      [
         58.75,
         1198.4375,
         27.609375
      ],
      [
         78.75,
         485.9375,
         27.609375
      ],
      [
         78.75,
         1198.4375,
         15.390625
      ],
      [
         78.75,
         485.9375,
         15.390625
      ],
      [
         58.75,
         1198.4375,
         15.390625
      ],
      [
         58.75,
         485.9375,
         27.609375
      ],
      [
         58.75,
         485.9375,
         15.390625
      ],
      [
         98.75,
         723.4375,
         10.359375
      ],
      [
         78.75,
         723.4375,
         10.359375
      ],
      [
         98.75,
         960.9375,
         10.359375
      ],
      [
         98.75,
         723.4375,
         21.140625
      ],
      [
         98.75,
         960.9375,
         21.140625
      ],
      [
         78.75,
         723.4375,
         21.140625
      ],
      [
         78.75,
         960.9375,
         10.359375
      ],
      [
         78.75,
         960.9375,
         21.140625
      ],
      [
         58.75,
         1673.4375,
         21.859375
      ],
      [
         38.75,
         1673.4375,
         21.859375
      ],
      [
         58.75,
         1910.9375,
         21.859375
      ],
      [
         58.75,
         1673.4375,
         32.640625
      ],
      [
         58.75,
         1910.9375,
         32.640625
      ],
      [
         38.75,
         1673.4375,
         32.640625
      ],
      [
         38.75,
         1910.9375,
         21.859375
      ],
      [
         38.75,
         1910.9375,
         32.640625
      ],
      [
         48.75,
         960.9375,
         30.484375
      ],
      [
         28.75,
         960.9375,
         30.484375
      ],
      [
         48.75,
         1673.4375,
         30.484375
      ],
      [
         48.75,
         960.9375,
         24.015625
      ],
      [
         48.75,
         1673.4375,
         24.015625
      ],
      [
         28.75,
         960.9375,
         24.015625
      ],
      [
         28.75,
         1673.4375,
         30.484375
      ],
      [
         28.75,
         1673.4375,
         24.015625
